{"stats":{"minecraft:crafted":{"minecraft:oak_planks":20,"minecraft:crafting_table":1,"minecraft:spruce_planks":4,"minecraft:wooden_pickaxe":1,"minecraft:stick":4,"minecraft:wooden_axe":1},"minecraft:used":{"minecraft:stone_sword":4,"minecraft:leather_chestplate":1,"minecraft:wooden_pickaxe":23,"minecraft:dirt":12,"minecraft:crafting_table":1,"minecraft:white_bed":4,"projectvibrantjourneys:fallen_leaves":2,"sophisticatedbackpacks:backpack":1,"minecraft:wooden_axe":7,"minecraft:bread":3,"minecraft:gravel":21,"minecraft:stone_axe":6,"minecraft:redstone_lamp":3,"minecraft:cobblestone":1,"minecraft:cooked_beef":8},"minecraft:killed_by":{"minecraft:player":4,"minecraft:skeleton":1,"zombie_extreme:parasite":1,"minecraft:spider":4,"minecraft:zombie":11,"hordes:zombie_player":6,"zombie_extreme:revived":1,"zombie_extreme:clicker":1,"zombie_extreme:assasin_black_ops":5,"zombie_extreme:infected_police":2},"minecraft:picked_up":{"minecraft:crafting_table":1,"minecraft:cooked_beef":189,"projectvibrantjourneys:fallen_leaves":4,"minecraft:prismarine_shard":3,"minecraft:redstone_lamp":3,"minecraft:flint":14,"minecraft:oak_log":6,"minecraft:shield":2,"minecraft:gunpowder":3,"projectvibrantjourneys:sea_oats":2,"minecraft:string":8,"minecraft:dirt":12,"tacz:ammo":523,"minecraft:bone":3,"minecraft:apple":2,"minecraft:kelp":12,"minecraft:gray_terracotta":3,"minecraft:wheat_seeds":36,"pointblank:ammo9mm":355,"minecraft:spruce_planks":4,"minecraft:stone_pickaxe":1,"minecraft:poppy":1,"minecraft:oak_planks":6,"minecraft:stone_hoe":1,"minecraft:phantom_membrane":2,"pointblank:glock17":7,"projectvibrantjourneys:light_brown_bark_mushroom":1,"minecraft:stick":11,"minecraft:pumpkin":2,"minecraft:acacia_log":12,"sophisticatedbackpacks:backpack":5,"minecraft:gravel":37,"pointblank:gunmetal_nugget":31,"minecraft:birch_stairs":1,"minecraft:spruce_sapling":1,"minecraft:white_bed":7,"minecraft:spruce_log":1,"minecraft:spider_eye":4,"minecraft:shulker_box":2,"minecraft:stone_shovel":1,"minecraft:rotten_flesh":18,"minecraft:stone_sword":1,"minecraft:cactus":1,"minecraft:light_gray_bed":1,"minecraft:slime_ball":1,"minecraft:stone_axe":1,"tacz:modern_kinetic_gun":10,"ecologics:coconut_log":1,"minecraft:golden_apple":2,"projectvibrantjourneys:cattail":1,"minecraft:bread":128,"projectvibrantjourneys:orange_bark_mushroom":1,"minecraft:oak_sapling":2,"minecraft:coal":2,"minecraft:cobblestone":13},"minecraft:mined":{"projectvibrantjourneys:cattail":2,"minecraft:birch_stairs":1,"minecraft:white_bed":4,"minecraft:glass_pane":10,"minecraft:blue_stained_glass_pane":3,"projectvibrantjourneys:sea_oats":3,"minecraft:kelp_plant":7,"minecraft:blue_stained_glass":2,"minecraft:potted_cactus":2,"minecraft:shulker_box":1,"projectvibrantjourneys:rocks":3,"minecraft:crafting_table":1,"projectvibrantjourneys:twigs":7,"minecraft:acacia_log":6,"minecraft:grass_block":8,"minecraft:poppy":1,"minecraft:gray_stained_glass":9,"minecraft:white_stained_glass_pane":1,"minecraft:white_stained_glass":6,"minecraft:light_gray_bed":1,"minecraft:tall_grass":110,"farmersdelight:wild_cabbages":1,"ecologics:coconut_log":2,"projectvibrantjourneys:fallen_leaves":4,"minecraft:kelp":11,"minecraft:oxeye_daisy":1,"minecraft:light_blue_stained_glass":1,"minecraft:seagrass":3,"farmersdelight:sandy_shrub":1,"minecraft:tall_seagrass":2,"projectvibrantjourneys:light_brown_bark_mushroom":1,"projectvibrantjourneys:bones":1,"projectvibrantjourneys:orange_bark_mushroom":1,"minecraft:pumpkin":2,"minecraft:vine":1,"minecraft:grass":137,"minecraft:oak_log":6,"projectvibrantjourneys:short_grass":47,"minecraft:gravel":45,"minecraft:dirt":5,"projectvibrantjourneys:seashells":11,"minecraft:stone":12,"sophisticatedbackpacks:backpack":1,"minecraft:redstone_lamp":3},"minecraft:killed":{"hordes:zombie_player":3,"alexsmobs:seal":1,"minecraft:spider":4,"minecraft:skeleton":1,"zombie_extreme:revived":1,"minecraft:zombie":5,"zombie_extreme:assasin_black_ops":1},"minecraft:dropped":{"minecraft:gravel":1,"minecraft:bread":5,"minecraft:wheat_seeds":16,"pointblank:glock17":1,"minecraft:prismarine_shard":1,"minecraft:rotten_flesh":1,"minecraft:oak_planks":6,"sophisticatedbackpacks:backpack":1,"pointblank:ammo9mm":111,"projectvibrantjourneys:sea_oats":2,"minecraft:poppy":1,"minecraft:stick":6,"pointblank:gunmetal_nugget":1,"minecraft:flint":3,"projectvibrantjourneys:light_brown_bark_mushroom":1,"tacz:modern_kinetic_gun":3,"minecraft:phantom_membrane":1,"tacz:ammo":26},"minecraft:custom":{"minecraft:interact_with_furnace":1,"minecraft:mob_kills":16,"minecraft:interact_with_crafting_table":5,"minecraft:open_shulker_box":3,"minecraft:damage_dealt_resisted":540,"minecraft:leave_game":3,"minecraft:time_since_death":131,"minecraft:sleep_in_bed":4,"minecraft:climb_one_cm":13455,"minecraft:time_since_rest":159,"minecraft:sprint_one_cm":166534,"minecraft:damage_taken":11391,"minecraft:walk_one_cm":237470,"minecraft:drop":47,"minecraft:damage_dealt":1914,"minecraft:swim_one_cm":29483,"minecraft:player_kills":8,"minecraft:fly_one_cm":228739,"minecraft:open_chest":16,"minecraft:crouch_one_cm":20697,"minecraft:play_time":71418,"minecraft:deaths":39,"minecraft:sneak_time":5963,"minecraft:walk_under_water_one_cm":6447,"minecraft:jump":1400,"minecraft:interact_with_brewingstand":1,"minecraft:walk_on_water_one_cm":6013,"minecraft:total_world_time":71418,"minecraft:fall_one_cm":59726}},"DataVersion":3465}