{"stats":{"minecraft:crafted":{"minecraft:spruce_planks":24},"minecraft:used":{"sophisticatedbackpacks:backpack":1,"minecraft:apple":2,"minecraft:stone_pickaxe":2,"minecraft:stone_axe":1,"minecraft:golden_apple":1,"minecraft:shulker_box":1,"minecraft:cooked_beef":5},"minecraft:killed_by":{"hordes:zombie_player":2,"minecraft:player":9,"zombie_extreme:clicker":2,"zombie_extreme:assasin_black_ops":1,"minecraft:zombie":7,"minecraft:enderman":1},"minecraft:picked_up":{"minecraft:stick":2,"pointblank:glock17":5,"minecraft:cooked_beef":188,"minecraft:gravel":14,"sophisticatedbackpacks:backpack":5,"pointblank:gunmetal_nugget":37,"minecraft:flint":2,"minecraft:oak_log":8,"minecraft:spruce_log":6,"minecraft:shulker_box":2,"tacz:ammo":482,"minecraft:bone":2,"minecraft:rotten_flesh":5,"minecraft:slime_ball":1,"minecraft:wheat_seeds":8,"tacz:modern_kinetic_gun":2,"minecraft:spruce_planks":24,"pointblank:ammo9mm":589},"minecraft:mined":{"minecraft:spruce_log":7,"minecraft:shulker_box":1,"minecraft:grass":12,"projectvibrantjourneys:twigs":1,"minecraft:oak_log":4,"projectvibrantjourneys:short_grass":2,"minecraft:gravel":16,"minecraft:tall_grass":9,"projectvibrantjourneys:seashells":1,"sophisticatedbackpacks:backpack":1},"minecraft:killed":{"minecraft:zombie":1,"zombie_extreme:boomer":1},"minecraft:custom":{"minecraft:time_since_rest":306,"minecraft:damage_absorbed":40,"minecraft:sprint_one_cm":125741,"minecraft:damage_taken":8550,"minecraft:walk_one_cm":178829,"minecraft:mob_kills":3,"minecraft:damage_dealt":726,"minecraft:swim_one_cm":5482,"minecraft:fly_one_cm":97628,"minecraft:player_kills":3,"minecraft:open_chest":3,"minecraft:open_shulker_box":7,"minecraft:crouch_one_cm":9718,"minecraft:play_time":43980,"minecraft:deaths":25,"minecraft:sneak_time":3279,"minecraft:walk_under_water_one_cm":2247,"minecraft:jump":549,"minecraft:damage_dealt_resisted":65,"minecraft:leave_game":1,"minecraft:walk_on_water_one_cm":7661,"minecraft:time_since_death":273,"minecraft:sleep_in_bed":2,"minecraft:climb_one_cm":2439,"minecraft:total_world_time":43980,"minecraft:fall_one_cm":27611}},"DataVersion":3465}