{"stats":{"minecraft:crafted":{"minecraft:leather":2,"better_mob_food:cooked_flesh":2,"minecraft:air":0},"minecraft:killed":{"minecraft:sheep":1,"minecraft:zombie":3,"alexsmobs:grizzly_bear":1,"minecraft:iron_golem":1},"minecraft:picked_up":{"alexsmobs:bear_fur":1,"pointblank:gunmetal_nugget":2,"butcher:cowcorpseitem":2,"minecraft:gunpowder":1,"butcher:cow_skin":12,"minecraft:rotten_flesh":3,"minecraft:wheat_seeds":1,"minecraft:iron_ingot":5,"minecraft:poppy":2,"butcher:skinned_cow_corpse_item":6,"minecraft:melon_seeds":1},"minecraft:used":{"butcher:emptyskinrack":1,"minecraft:cow_spawn_egg":2,"minecraft:bread":2,"alexsmobs:spawn_egg_grizzly_bear":1,"minecraft:poppy":3,"butcher:butchers_knife":11,"minecraft:brown_concrete":2,"marbledsarsenal:police_baton":1,"better_mob_food:cooked_flesh":1,"butcher:butcherstable":1,"butcher:bloodgrate":7,"minecraft:dirt":1,"butcher:netherite_butchers_knife":15,"minecraft:furnace":1,"butcher:cowcorpseitem":12,"minecraft:chain":9,"minecraft:smooth_stone_slab":2,"alexsmobs:animal_dictionary":1,"minecraft:oak_wood":8},"minecraft:mined":{"butcher:drained_hanging_cow":1},"minecraft:custom":{"minecraft:time_since_rest":26143,"minecraft:interact_with_furnace":4,"minecraft:sprint_one_cm":19515,"minecraft:damage_taken":84,"minecraft:walk_one_cm":51739,"minecraft:mob_kills":6,"minecraft:damage_dealt":1353,"minecraft:fly_one_cm":142791,"minecraft:open_chest":5,"minecraft:crouch_one_cm":1394,"minecraft:play_time":26143,"minecraft:sneak_time":228,"minecraft:jump":397,"minecraft:damage_dealt_resisted":1512,"minecraft:interact_with_brewingstand":1,"minecraft:leave_game":1,"minecraft:walk_on_water_one_cm":84,"minecraft:time_since_death":26143,"minecraft:climb_one_cm":350,"minecraft:total_world_time":28639,"minecraft:fall_one_cm":267}},"DataVersion":3465}