{"stats":{"minecraft:used":{"dweller_dweller:ominous_presence_spawn_egg":1,"marbledsarsenal:police_baton":27,"minecraft:warden_spawn_egg":1,"dweller_dweller:dweller_dweller_spawn_egg":2},"minecraft:picked_up":{"dweller_dweller:disc_fragment_down":1,"dweller_dweller:dweller_dweller_tooth":1},"minecraft:custom":{"minecraft:jump":39,"minecraft:time_since_rest":3439,"minecraft:leave_game":1,"minecraft:damage_dealt":1667,"minecraft:crouch_one_cm":487,"minecraft:sprint_one_cm":270,"minecraft:play_time":3439,"minecraft:walk_on_water_one_cm":2062,"minecraft:time_since_death":3439,"minecraft:walk_one_cm":9810,"minecraft:sneak_time":65,"minecraft:total_world_time":4737,"minecraft:walk_under_water_one_cm":1085,"minecraft:fly_one_cm":7787,"minecraft:open_barrel":2}},"DataVersion":3465}