{"stats":{"minecraft:used":{"minecraft:bread":1,"minecraft:smooth_stone_slab":1,"marbledsarsenal:police_baton":2},"minecraft:mined":{"minecraft:seagrass":1,"minecraft:glass_pane":2,"minecraft:glass":1,"projectvibrantjourneys:bones":1},"minecraft:killed":{"minecraft:zombie":1,"minecraft:bee":1},"minecraft:picked_up":{"minecraft:smooth_stone_slab":2,"minecraft:bone":1,"minecraft:rotten_flesh":2,"minecraft:leather_leggings":1,"sophisticatedbackpacks:backpack":1,"pointblank:gunmetal_nugget":5,"minecraft:iron_boots":1},"minecraft:custom":{"minecraft:time_since_rest":3371,"minecraft:crouch_one_cm":154,"minecraft:play_time":3371,"minecraft:sprint_one_cm":14381,"minecraft:damage_taken":38,"minecraft:walk_one_cm":12323,"minecraft:sneak_time":181,"minecraft:walk_under_water_one_cm":3926,"minecraft:mob_kills":2,"minecraft:jump":120,"minecraft:leave_game":1,"minecraft:walk_on_water_one_cm":928,"minecraft:time_since_death":3371,"minecraft:climb_one_cm":3418,"minecraft:total_world_time":8325,"minecraft:swim_one_cm":7556,"minecraft:fall_one_cm":631,"minecraft:fly_one_cm":38156}},"DataVersion":3465}