{"stats":{"minecraft:picked_up":{"tacz:attachment":40},"minecraft:killed":{"zombie_extreme:chainsaw":1,"zombie_extreme:inflated":2,"zombie_extreme:revived":1,"zombie_extreme:goon":1,"zombie_extreme:infected_hazmat":2,"zombie_extreme:infected_police":1,"minecraft:drowned":5,"zombie_extreme:infected_juggernaut":1,"zombie_extreme:runner":2,"zombie_extreme:demolisher":1,"zombie_extreme:rat_king":1},"minecraft:custom":{"minecraft:time_since_rest":15990,"minecraft:sprint_one_cm":10035,"minecraft:walk_one_cm":53204,"minecraft:mob_kills":18,"minecraft:drop":40,"minecraft:damage_dealt":19,"minecraft:fly_one_cm":246063,"minecraft:crouch_one_cm":954,"minecraft:play_time":18332,"minecraft:deaths":1,"minecraft:sneak_time":314,"minecraft:jump":97,"minecraft:leave_game":1,"minecraft:time_since_death":15946,"minecraft:climb_one_cm":1027,"minecraft:total_world_time":20778},"minecraft:dropped":{"tacz:attachment":40},"minecraft:used":{"zombie_extreme:chainsaw_spawn_egg":1,"minecraft:gray_terracotta":17,"zombie_extreme:infected_police_spawn_egg":2,"zombie_extreme:explosive_infected_spawn_egg":1,"zombie_extreme:parasite_spawn_egg":1,"zombie_extreme:fetus_spawn_egg":1,"zombie_extreme:revived_spawn_egg":1,"zombie_extreme:infected_spawn_egg":5,"zombie_extreme:infected_hazmat_spawn_egg":2,"zombie_extreme:demolisher_spawn_egg":2,"zombie_extreme:ram_spawn_egg":2,"zombie_extreme:divided_spawn_egg":1,"zombie_extreme:goon_spawn_egg":1,"minecraft:glowstone":12,"zombie_extreme:night_hunter_spawn_egg":1,"zombie_extreme:devestated_spawn_egg":1,"zombie_extreme:rat_king_spawn_egg":1,"zombie_extreme:infected_juggernaut_spawn_egg":2,"zombie_extreme:runner_spawn_egg":2,"zombie_extreme:clicker_spawn_egg":1,"zombie_extreme:boomer_spawn_egg":2,"minecraft:drowned_spawn_egg":19,"zombie_extreme:inflated_spawn_egg":3,"zombie_extreme:zero_patient_spawn_egg":1}},"DataVersion":3465}