{"stats":{"minecraft:killed_by":{"minecraft:skeleton":1,"minecraft:zombie":1},"minecraft:picked_up":{"minecraft:stick":1,"minecraft:prismarine_shard":3,"ecologics:coconut_slice":6,"ecologics:seashell":2,"minecraft:beetroot_seeds":5,"minecraft:gravel":2,"minecraft:string":4,"minecraft:dirt":9},"minecraft:killed":{"alexsmobs:catfish":1},"minecraft:used":{"minecraft:wooden_sword":10,"minecraft:dirt":4,"minecraft:bread":2,"minecraft:gravel":2},"minecraft:mined":{"minecraft:grass_block":3,"farmersdelight:wild_beetroots":5,"minecraft:light_blue_stained_glass_pane":6,"projectvibrantjourneys:twigs":1,"ecologics:seashell":2,"minecraft:gravel":2,"minecraft:dirt":6,"projectvibrantjourneys:seashells":4,"minecraft:birch_leaves":4,"projectvibrantjourneys:rocks":1,"minecraft:gray_stained_glass_pane":3},"minecraft:custom":{"minecraft:time_since_rest":11837,"minecraft:crouch_one_cm":2688,"minecraft:play_time":25703,"minecraft:sprint_one_cm":25416,"minecraft:damage_taken":740,"minecraft:walk_one_cm":24628,"minecraft:deaths":2,"minecraft:sneak_time":792,"minecraft:walk_under_water_one_cm":4873,"minecraft:mob_kills":1,"minecraft:drop":1,"minecraft:jump":314,"minecraft:damage_dealt":108,"minecraft:leave_game":3,"minecraft:walk_on_water_one_cm":5521,"minecraft:time_since_death":11808,"minecraft:total_world_time":25703,"minecraft:climb_one_cm":4282,"minecraft:swim_one_cm":8530,"minecraft:fall_one_cm":7534,"minecraft:fly_one_cm":56262},"minecraft:dropped":{"minecraft:prismarine_shard":1}},"DataVersion":3465}