{"stats":{"minecraft:picked_up":{"zombie_extreme:cleaver":2,"minecraft:crafting_table":3,"minecraft:wheat":1,"zombie_extreme:bronze_wire":1,"minecraft:leather":1,"minecraft:flint":2,"zombie_extreme:bronze_nugget":1,"zombie_extreme:cat_food":1,"minecraft:shield":1,"minecraft:gunpowder":1,"zombie_extreme:crowbar":1,"minecraft:dirt":28,"minecraft:string":17,"zombie_extreme:chips":2,"minecraft:wooden_sword":1,"minecraft:leather_boots":1,"minecraft:bone":2,"minecraft:wheat_seeds":1,"zombie_extreme:ignot_bronze":1,"zombie_extreme:cloth":3,"minecraft:glass_bottle":1,"minecraft:furnace":1,"minecraft:egg":2,"zombie_extreme:syringe_drug":2,"zombie_extreme:night_vision_glasses_helmet":1,"zombie_extreme:soda_used":1,"minecraft:bowl":6,"minecraft:acacia_log":5,"pointblank:gunmetal_nugget":15,"minecraft:cookie":1,"minecraft:redstone":1,"alexsmobs:animal_dictionary":1,"minecraft:pumpkin_seeds":1,"minecraft:arrow":4,"minecraft:rotten_flesh":17,"butcher:butchersguidebook":1,"minecraft:bread":3,"zombie_extreme:butcher_knife":1,"minecraft:cobblestone":12},"minecraft:used":{"zombie_extreme:butcher_knife":2,"minecraft:wooden_pickaxe":11,"minecraft:shield":3,"minecraft:leather_boots":1,"minecraft:rotten_flesh":1,"zombie_extreme:chips":2,"minecraft:dirt":22,"minecraft:crafting_table":2,"minecraft:apple":2,"zombie_extreme:dog_food":1,"minecraft:bread":10,"minecraft:netherite_axe":2,"zombie_extreme:frying_pan":15,"minecraft:wooden_sword":25,"zombie_extreme:night_vision_glasses_helmet":2,"minecraft:furnace":1,"zombie_extreme:soda":1},"minecraft:killed":{"zombie_extreme:infected":1,"minecraft:skeleton":1,"minecraft:zombie":1,"alexsmobs:gazelle":1,"zombie_extreme:explosive_infected":1,"hordes:husk_player":1},"minecraft:custom":{"minecraft:interact_with_furnace":3,"minecraft:mob_kills":6,"minecraft:interact_with_crafting_table":5,"minecraft:damage_dealt_resisted":48,"minecraft:leave_game":2,"minecraft:time_since_death":15413,"minecraft:climb_one_cm":2455,"minecraft:time_since_rest":15447,"minecraft:sprint_one_cm":29247,"minecraft:damage_taken":1115,"minecraft:walk_one_cm":49477,"minecraft:damage_blocked_by_shield":240,"minecraft:drop":2,"minecraft:damage_dealt":1016,"minecraft:fly_one_cm":75228,"minecraft:open_chest":4,"minecraft:crouch_one_cm":3674,"minecraft:play_time":23692,"minecraft:deaths":1,"minecraft:sneak_time":1069,"minecraft:jump":303,"minecraft:walk_on_water_one_cm":295,"minecraft:total_world_time":23692,"minecraft:fall_one_cm":6970},"minecraft:killed_by":{"zombie_extreme:infected_police":1},"minecraft:crafted":{"sophisticatedbackpacks:backpack":1,"minecraft:crafting_table":1,"minecraft:wooden_pickaxe":1,"minecraft:furnace":1,"minecraft:air":0,"minecraft:leather":7,"minecraft:chest":1,"minecraft:acacia_planks":20},"minecraft:dropped":{"zombie_extreme:soda_used":1,"minecraft:egg":1},"minecraft:mined":{"horror_element_mod:spiked_body":1,"horror_element_mod:dead_pig":1,"minecraft:crafting_table":2,"minecraft:acacia_log":5,"minecraft:grass_block":8,"projectvibrantjourneys:mossy_rocks":1,"minecraft:tall_grass":1,"minecraft:furnace":1,"minecraft:grass":6,"projectvibrantjourneys:short_grass":1,"minecraft:dirt":20,"minecraft:cobweb":9,"minecraft:stone":10}},"DataVersion":3465}