{"stats":{"minecraft:custom":{"minecraft:mob_kills":41,"minecraft:open_shulker_box":9,"minecraft:damage_dealt_resisted":579,"minecraft:leave_game":4,"minecraft:time_since_death":1397,"minecraft:sleep_in_bed":1,"minecraft:climb_one_cm":5803,"minecraft:time_since_rest":2334,"minecraft:sprint_one_cm":127449,"minecraft:damage_taken":6368,"minecraft:walk_one_cm":227288,"minecraft:drop":34,"minecraft:damage_dealt":1918,"minecraft:player_kills":2,"minecraft:swim_one_cm":31989,"minecraft:fly_one_cm":348138,"minecraft:open_chest":8,"minecraft:crouch_one_cm":10912,"minecraft:play_time":87851,"minecraft:deaths":20,"minecraft:sneak_time":3529,"minecraft:walk_under_water_one_cm":4427,"minecraft:jump":1440,"minecraft:walk_on_water_one_cm":6441,"minecraft:total_world_time":87851,"minecraft:fall_one_cm":31502},"minecraft:crafted":{"minecraft:oak_planks":20},"minecraft:dropped":{"minecraft:bread":128,"minecraft:cooked_beef":128,"pointblank:glock17":2,"sophisticatedbackpacks:backpack":6,"pointblank:ammo9mm":256,"minecraft:white_bed":2,"minecraft:shulker_box":1,"minecraft:shield":2,"tacz:modern_kinetic_gun":5,"tacz:ammo":372},"minecraft:killed_by":{"zombie_extreme:boomer":1,"zombie_extreme:night_hunter":1,"minecraft:skeleton":3,"minecraft:spider":1,"minecraft:zombie":7,"zombie_extreme:divided":2,"hordes:zombie_player":4,"zombie_extreme:infected_police":1},"minecraft:used":{"zombie_extreme:butcher_knife":2,"minecraft:zombie_spawn_egg":1,"minecraft:rotten_flesh":2,"minecraft:dirt":5,"minecraft:shulker_box":5,"minecraft:white_bed":7,"minecraft:gray_terracotta":14,"minecraft:diamond_pickaxe":1,"minecraft:bread":5,"minecraft:string":1,"minecraft:gravel":22,"zombie_extreme:baseball_bat":2,"butcher:netherite_butchers_knife":2,"minecraft:cooked_beef":10,"minecraft:light_gray_bed":3},"minecraft:killed":{"hordes:zombie_player":16,"minecraft:spider":1,"minecraft:phantom":2,"zombie_extreme:revived":1,"zombie_extreme:clicker":1,"minecraft:zombie":16,"ecologics:squirrel":1,"zombie_extreme:assasin_black_ops":2},"minecraft:mined":{"minecraft:glass_pane":10,"minecraft:potted_cactus":1,"minecraft:shulker_box":1,"projectvibrantjourneys:twigs":2,"minecraft:grass_block":3,"ecologics:walnut_leaves":2,"minecraft:white_stained_glass":6,"minecraft:tall_grass":7,"minecraft:grass":4,"minecraft:bookshelf":1,"minecraft:oak_log":5,"projectvibrantjourneys:short_grass":3,"minecraft:vine":1,"minecraft:gravel":17,"minecraft:dirt":6,"ecologics:walnut_log":3,"minecraft:oak_leaves":1,"minecraft:redstone_lamp":1},"minecraft:picked_up":{"ecologics:walnut":2,"minecraft:redstone_lamp":1,"zombie_extreme:baseball_bat":4,"minecraft:oak_log":5,"minecraft:lily_pad":1,"minecraft:gunpowder":4,"minecraft:shield":1,"projectvibrantjourneys:sea_oats":2,"minecraft:dirt":10,"minecraft:string":2,"tacz:ammo":60,"minecraft:bone":3,"ecologics:walnut_sapling":4,"minecraft:wheat_seeds":4,"minecraft:oak_planks":20,"minecraft:book":6,"minecraft:dark_oak_door":1,"projectvibrantjourneys:light_brown_bark_mushroom":1,"minecraft:stick":3,"zombie_extreme:syringe_drug":1,"ecologics:walnut_log":3,"projectvibrantjourneys:bark_mushroom":1,"minecraft:bowl":2,"minecraft:gravel":26,"sophisticatedbackpacks:backpack":2,"pointblank:gunmetal_nugget":16,"minecraft:white_bed":2,"minecraft:spider_eye":2,"minecraft:shulker_box":1,"zombie_extreme:vodka":1,"minecraft:rotten_flesh":10,"tacz:modern_kinetic_gun":2,"minecraft:bread":5,"projectvibrantjourneys:orange_bark_mushroom":2,"zombie_extreme:butcher_knife":1,"minecraft:coal":1}},"DataVersion":3465}