{"stats":{"minecraft:picked_up":{"minecraft:stick":2,"minecraft:birch_door":2,"projectvibrantjourneys:fallen_leaves":1,"pointblank:gunmetal_nugget":6,"minecraft:dirt":13,"minecraft:moss_block":2},"minecraft:crafted":{"minecraft:oak_planks":8,"minecraft:jungle_planks":4},"minecraft:mined":{"minecraft:podzol":1,"projectvibrantjourneys:twigs":2,"minecraft:grass_block":4,"projectvibrantjourneys:short_grass":1,"minecraft:dirt":8,"projectvibrantjourneys:fallen_leaves":1,"minecraft:moss_block":2,"minecraft:oak_leaves":1,"minecraft:fern":1},"minecraft:used":{"minecraft:birch_door":2,"horror_element_mod:sliced_body":2,"minecraft:wooden_sword":3,"minecraft:dirt":3,"minecraft:jungle_planks":3,"horror_element_mod:herobrine_head":2},"minecraft:killed_by":{"hordes:zombie_player":3,"zombie_extreme:revived":1,"zombie_extreme:clicker":2,"minecraft:zombie":8,"zombie_extreme:goon":1},"minecraft:killed":{"zombie_extreme:clicker":1,"minecraft:zombie":1,"zombie_extreme:assasin_black_ops":1},"minecraft:custom":{"minecraft:time_since_rest":20643,"minecraft:sprint_one_cm":60814,"minecraft:damage_taken":4271,"minecraft:walk_one_cm":88287,"minecraft:mob_kills":3,"minecraft:damage_dealt":846,"minecraft:fly_one_cm":98699,"minecraft:open_chest":4,"minecraft:crouch_one_cm":4891,"minecraft:play_time":41595,"minecraft:deaths":17,"minecraft:sneak_time":1514,"minecraft:jump":445,"minecraft:damage_dealt_resisted":16,"minecraft:leave_game":3,"minecraft:time_since_death":20618,"minecraft:total_world_time":41595,"minecraft:climb_one_cm":3089,"minecraft:fall_one_cm":9348}},"DataVersion":3465}