{"stats":{"minecraft:killed_by":{"minecraft:skeleton":1,"minecraft:zombie":1},"minecraft:picked_up":{"minecraft:stick":1,"minecraft:prismarine_shard":3,"ecologics:coconut_slice":6,"ecologics:seashell":2,"minecraft:beetroot_seeds":5,"minecraft:gravel":2,"minecraft:string":4,"minecraft:dirt":4},"minecraft:killed":{"alexsmobs:catfish":1},"minecraft:used":{"minecraft:wooden_sword":10,"minecraft:dirt":4,"minecraft:bread":2,"minecraft:gravel":2},"minecraft:mined":{"farmersdelight:wild_beetroots":5,"minecraft:light_blue_stained_glass_pane":6,"projectvibrantjourneys:twigs":1,"ecologics:seashell":2,"minecraft:gravel":2,"minecraft:dirt":4,"projectvibrantjourneys:seashells":4,"minecraft:birch_leaves":4,"projectvibrantjourneys:rocks":1,"minecraft:gray_stained_glass_pane":3},"minecraft:custom":{"minecraft:time_since_rest":4152,"minecraft:crouch_one_cm":2444,"minecraft:play_time":18018,"minecraft:sprint_one_cm":24287,"minecraft:damage_taken":730,"minecraft:walk_one_cm":22195,"minecraft:deaths":2,"minecraft:sneak_time":719,"minecraft:walk_under_water_one_cm":2790,"minecraft:mob_kills":1,"minecraft:drop":1,"minecraft:jump":273,"minecraft:damage_dealt":108,"minecraft:leave_game":2,"minecraft:walk_on_water_one_cm":4302,"minecraft:time_since_death":4123,"minecraft:total_world_time":18018,"minecraft:climb_one_cm":4282,"minecraft:swim_one_cm":4390,"minecraft:fall_one_cm":6723,"minecraft:fly_one_cm":53612},"minecraft:dropped":{"minecraft:prismarine_shard":1}},"DataVersion":3465}