{"stats":{"minecraft:mined":{"minecraft:acacia_log":1,"minecraft:grass_block":3,"minecraft:dirt":7,"minecraft:cobweb":1},"minecraft:used":{"minecraft:apple":2,"minecraft:wooden_sword":10,"minecraft:dirt":10,"minecraft:bread":3,"minecraft:shield":1},"minecraft:custom":{"minecraft:time_since_rest":5790,"minecraft:crouch_one_cm":1778,"minecraft:play_time":5790,"minecraft:sprint_one_cm":12283,"minecraft:damage_taken":408,"minecraft:walk_one_cm":10792,"minecraft:sneak_time":408,"minecraft:damage_blocked_by_shield":120,"minecraft:mob_kills":2,"minecraft:damage_dealt_resisted":48,"minecraft:jump":101,"minecraft:damage_dealt":290,"minecraft:walk_on_water_one_cm":295,"minecraft:time_since_death":5790,"minecraft:total_world_time":5790,"minecraft:fall_one_cm":2537,"minecraft:fly_one_cm":21569},"minecraft:picked_up":{"minecraft:rotten_flesh":2,"minecraft:acacia_log":1,"pointblank:gunmetal_nugget":5,"minecraft:dirt":10,"minecraft:string":2},"minecraft:killed":{"zombie_extreme:explosive_infected":1,"minecraft:zombie":1}},"DataVersion":3465}