{"stats":{"minecraft:picked_up":{"minecraft:stick":2,"minecraft:birch_door":2,"projectvibrantjourneys:fallen_leaves":1,"pointblank:gunmetal_nugget":6,"minecraft:dirt":13,"minecraft:moss_block":2},"minecraft:used":{"minecraft:birch_door":2,"projectvibrantjourneys:light_brown_bark_mushroom":2,"horror_element_mod:sliced_body":2,"minecraft:dirt":3,"minecraft:wooden_sword":3,"minecraft:jungle_planks":3,"horror_element_mod:herobrine_head":2},"minecraft:custom":{"minecraft:time_since_rest":32709,"minecraft:sprint_one_cm":65106,"minecraft:damage_taken":4271,"minecraft:walk_one_cm":96923,"minecraft:mob_kills":3,"minecraft:drop":1,"minecraft:damage_dealt":862,"minecraft:fly_one_cm":128809,"minecraft:open_chest":4,"minecraft:crouch_one_cm":7281,"minecraft:play_time":53661,"minecraft:deaths":17,"minecraft:sneak_time":2285,"minecraft:jump":579,"minecraft:damage_dealt_resisted":16,"minecraft:leave_game":7,"minecraft:time_since_death":32684,"minecraft:climb_one_cm":3635,"minecraft:total_world_time":53661,"minecraft:fall_one_cm":9348},"minecraft:mined":{"minecraft:podzol":1,"projectvibrantjourneys:twigs":2,"minecraft:grass_block":4,"projectvibrantjourneys:short_grass":1,"minecraft:dirt":8,"projectvibrantjourneys:fallen_leaves":1,"minecraft:moss_block":2,"minecraft:oak_leaves":1,"minecraft:fern":1},"minecraft:killed_by":{"hordes:zombie_player":3,"zombie_extreme:revived":1,"zombie_extreme:clicker":2,"minecraft:zombie":8,"zombie_extreme:goon":1},"minecraft:crafted":{"minecraft:oak_planks":8,"minecraft:jungle_planks":4},"minecraft:killed":{"zombie_extreme:clicker":1,"minecraft:zombie":1,"zombie_extreme:assasin_black_ops":1},"minecraft:dropped":{"projectvibrantjourneys:light_brown_bark_mushroom":1}},"DataVersion":3465}