{"stats":{"minecraft:killed":{"alexsmobs:catfish":1,"minecraft:zombie":1},"minecraft:custom":{"minecraft:time_since_rest":515,"minecraft:sprint_one_cm":30745,"minecraft:damage_taken":1535,"minecraft:walk_one_cm":32965,"minecraft:mob_kills":2,"minecraft:drop":1,"minecraft:damage_dealt":942,"minecraft:swim_one_cm":12594,"minecraft:fly_one_cm":77415,"minecraft:crouch_one_cm":4670,"minecraft:play_time":47026,"minecraft:deaths":4,"minecraft:sneak_time":1384,"minecraft:walk_under_water_one_cm":5857,"minecraft:damage_dealt_resisted":20,"minecraft:jump":447,"minecraft:leave_game":5,"minecraft:time_since_death":490,"minecraft:walk_on_water_one_cm":6838,"minecraft:climb_one_cm":4282,"minecraft:total_world_time":47026,"minecraft:fall_one_cm":10611},"minecraft:dropped":{"minecraft:prismarine_shard":1},"minecraft:mined":{"minecraft:light_blue_stained_glass_pane":8,"farmersdelight:wild_beetroots":5,"ecologics:seashell":3,"projectvibrantjourneys:bones":1,"minecraft:birch_leaves":4,"projectvibrantjourneys:rocks":1,"minecraft:gray_stained_glass_pane":3,"projectvibrantjourneys:twigs":1,"minecraft:grass_block":12,"minecraft:gravel":2,"minecraft:dirt":15,"projectvibrantjourneys:seashells":5,"minecraft:fern":1},"minecraft:crafted":{"minecraft:bone_meal":3},"minecraft:used":{"minecraft:bread":2,"minecraft:gravel":2,"minecraft:wooden_sword":10,"minecraft:dirt":18,"minecraft:bone_meal":1},"minecraft:killed_by":{"minecraft:skeleton":1,"minecraft:creeper":1,"minecraft:zombie":2},"minecraft:picked_up":{"minecraft:stick":1,"minecraft:prismarine_shard":3,"ecologics:coconut_slice":6,"ecologics:seashell":3,"minecraft:gravel":2,"minecraft:dirt":27,"minecraft:string":4,"minecraft:bone":1,"minecraft:rotten_flesh":4,"minecraft:beetroot_seeds":5,"minecraft:wheat_seeds":1}},"DataVersion":3465}