{"stats":{"minecraft:used":{"minecraft:warden_spawn_egg":1,"minecraft:wooden_sword":16,"minecraft:leather_boots":1},"minecraft:killed_by":{"alexsmobs:froststalker":1,"zombie_extreme:ram":2,"zombie_extreme:boomer":1,"minecraft:warden":2,"minecraft:zombie":2,"zombie_extreme:assasin_black_ops":1,"zombie_extreme:infected":1},"minecraft:picked_up":{"minecraft:wooden_sword":1,"minecraft:leather_boots":1,"tacz:modern_kinetic_gun":2,"minecraft:bread":9,"minecraft:shield":1,"minecraft:warden_spawn_egg":128,"minecraft:acacia_sapling":4,"alexsmobs:animal_dictionary":1},"minecraft:mined":{"minecraft:acacia_leaves":23},"minecraft:killed":{"zombie_extreme:clicker":1,"minecraft:zombie":1},"minecraft:custom":{"minecraft:time_since_rest":284,"minecraft:crouch_one_cm":2876,"minecraft:play_time":16875,"minecraft:sprint_one_cm":13722,"minecraft:deaths":12,"minecraft:damage_taken":3991,"minecraft:walk_one_cm":23203,"minecraft:sneak_time":920,"minecraft:walk_under_water_one_cm":867,"minecraft:mob_kills":2,"minecraft:damage_dealt_resisted":4,"minecraft:jump":263,"minecraft:damage_dealt":224,"minecraft:leave_game":3,"minecraft:walk_on_water_one_cm":1233,"minecraft:time_since_death":259,"minecraft:total_world_time":16875,"minecraft:swim_one_cm":2119,"minecraft:fall_one_cm":21743,"minecraft:fly_one_cm":72151}},"DataVersion":3465}