{"stats":{"minecraft:picked_up":{"minecraft:wooden_sword":1,"minecraft:leather_boots":1,"minecraft:bread":9,"minecraft:shield":1,"minecraft:acacia_sapling":4,"alexsmobs:animal_dictionary":1},"minecraft:used":{"minecraft:wooden_sword":16,"minecraft:leather_boots":1},"minecraft:custom":{"minecraft:time_since_rest":474,"minecraft:crouch_one_cm":2399,"minecraft:play_time":8627,"minecraft:sprint_one_cm":7125,"minecraft:walk_one_cm":15785,"minecraft:damage_taken":1917,"minecraft:deaths":7,"minecraft:sneak_time":519,"minecraft:walk_under_water_one_cm":867,"minecraft:damage_dealt_resisted":4,"minecraft:jump":165,"minecraft:damage_dealt":224,"minecraft:leave_game":1,"minecraft:walk_on_water_one_cm":1233,"minecraft:time_since_death":448,"minecraft:total_world_time":8627,"minecraft:swim_one_cm":2119,"minecraft:fall_one_cm":11820,"minecraft:fly_one_cm":25935},"minecraft:killed_by":{"alexsmobs:froststalker":1,"zombie_extreme:ram":2,"zombie_extreme:boomer":1,"zombie_extreme:assasin_black_ops":1,"zombie_extreme:infected":1},"minecraft:mined":{"minecraft:acacia_leaves":21}},"DataVersion":3465}