{"stats":{"minecraft:mined":{"minecraft:light_blue_stained_glass_pane":8,"projectvibrantjourneys:cattail":1,"minecraft:mangrove_roots":2,"minecraft:clay":2,"projectvibrantjourneys:rocks":1,"psg:sulphur_ore":6,"minecraft:gray_stained_glass_pane":3,"minecraft:crafting_table":3,"minecraft:granite":5,"projectvibrantjourneys:twigs":1,"minecraft:grass_block":12,"minecraft:campfire":1,"ecologics:coconut_log":5,"minecraft:sugar_cane":4,"projectvibrantjourneys:fallen_leaves":1,"minecraft:moss_block":1,"minecraft:iron_door":1,"minecraft:spruce_stairs":1,"minecraft:large_fern":1,"minecraft:seagrass":1,"farmersdelight:wild_beetroots":5,"minecraft:tall_seagrass":1,"projectvibrantjourneys:light_brown_bark_mushroom":1,"ecologics:seashell":3,"projectvibrantjourneys:bones":1,"minecraft:birch_leaves":4,"minecraft:oak_log":17,"minecraft:coal_ore":19,"projectvibrantjourneys:short_grass":4,"minecraft:dripstone_block":1,"minecraft:gravel":16,"minecraft:sand":4,"minecraft:dirt":34,"projectvibrantjourneys:seashells":5,"minecraft:stone":32,"minecraft:stone_bricks":1,"projectvibrantjourneys:oak_hollow_log":4,"minecraft:fern":1},"minecraft:killed_by":{"minecraft:skeleton":1,"minecraft:creeper":1,"minecraft:zombie":2,"hordes:zombie_player":1,"minecraft:slime":1},"minecraft:picked_up":{"minecraft:charcoal":2,"minecraft:crafting_table":3,"ecologics:coconut_planks":1,"minecraft:clay_ball":16,"minecraft:iron_door":2,"minecraft:prismarine_shard":3,"minecraft:salmon":4,"projectvibrantjourneys:fallen_leaves":2,"ecologics:seashell":5,"minecraft:red_mushroom":2,"minecraft:flint":4,"minecraft:oak_log":16,"minecraft:raw_copper":6,"projectvibrantjourneys:oak_hollow_log":4,"minecraft:string":4,"minecraft:dirt":56,"minecraft:paper":6,"minecraft:moss_carpet":6,"minecraft:bone":1,"minecraft:stone_bricks":2,"minecraft:wheat_seeds":4,"minecraft:raw_gold":18,"minecraft:moss_block":1,"minecraft:sugar_cane":18,"minecraft:iron_sword":1,"minecraft:oak_planks":8,"minecraft:book":5,"projectvibrantjourneys:light_brown_bark_mushroom":6,"minecraft:stick":7,"ecologics:coconut_slice":18,"projectvibrantjourneys:bark_mushroom":2,"minecraft:spruce_stairs":2,"minecraft:dripstone_block":2,"minecraft:gravel":26,"psg:sulphur":48,"minecraft:sand":4,"minecraft:stone_shovel":1,"alexsmobs:raw_catfish":3,"minecraft:rotten_flesh":4,"minecraft:stone_axe":1,"minecraft:beetroot_seeds":5,"ecologics:coconut_log":5,"minecraft:granite":5,"minecraft:mangrove_roots":2,"projectvibrantjourneys:cattail":1,"projectvibrantjourneys:orange_bark_mushroom":2,"minecraft:oak_sapling":3,"minecraft:glow_berries":19,"minecraft:coal":19,"minecraft:cobblestone":32},"minecraft:killed":{"hordes:zombie_player":1,"alexsmobs:catfish":2,"minecraft:zombie":1},"minecraft:dropped":{"minecraft:wheat_seeds":1,"minecraft:prismarine_shard":1,"projectvibrantjourneys:orange_bark_mushroom":1,"projectvibrantjourneys:light_brown_bark_mushroom":1,"projectvibrantjourneys:fallen_leaves":1,"minecraft:stone_bricks":2},"minecraft:custom":{"minecraft:interact_with_furnace":5,"minecraft:mob_kills":4,"minecraft:interact_with_crafting_table":13,"minecraft:open_barrel":8,"minecraft:damage_dealt_resisted":20,"minecraft:leave_game":6,"minecraft:time_since_death":8601,"minecraft:climb_one_cm":4416,"minecraft:time_since_rest":8627,"minecraft:sprint_one_cm":55605,"minecraft:damage_taken":2182,"minecraft:walk_one_cm":79555,"minecraft:drop":7,"minecraft:damage_dealt":1349,"minecraft:swim_one_cm":42009,"minecraft:fly_one_cm":123890,"minecraft:open_chest":2,"minecraft:crouch_one_cm":8099,"minecraft:play_time":74847,"minecraft:deaths":6,"minecraft:sneak_time":2602,"minecraft:walk_under_water_one_cm":12496,"minecraft:jump":724,"minecraft:walk_on_water_one_cm":17590,"minecraft:total_world_time":74847,"minecraft:fall_one_cm":16783},"minecraft:crafted":{"minecraft:wooden_sword":1,"minecraft:oak_planks":44,"minecraft:stone_shovel":1,"minecraft:crafting_table":2,"ecologics:coconut_planks":20,"minecraft:wooden_pickaxe":2,"minecraft:furnace":1,"minecraft:cooked_salmon":2,"minecraft:bone_meal":3,"minecraft:campfire":2,"minecraft:stone_axe":1,"minecraft:air":0,"minecraft:stick":16,"minecraft:stone_pickaxe":1,"minecraft:wooden_axe":1,"minecraft:stone_sword":1,"minecraft:chest":1,"alexsmobs:cooked_catfish":3,"minecraft:torch":4},"minecraft:used":{"minecraft:stone_sword":1,"minecraft:stone_shovel":34,"minecraft:stone_pickaxe":60,"minecraft:chest":1,"minecraft:wooden_pickaxe":8,"ecologics:coconut_planks":1,"minecraft:torch":3,"minecraft:glow_berries":9,"minecraft:dirt":23,"minecraft:crafting_table":4,"minecraft:campfire":2,"minecraft:wooden_axe":5,"minecraft:bread":2,"minecraft:gravel":2,"minecraft:stone_axe":32,"minecraft:wooden_sword":10,"minecraft:furnace":1,"minecraft:bone_meal":1}},"DataVersion":3465}