{"stats":{"minecraft:picked_up":{"minecraft:stick":1,"pointblank:gunmetal_nugget":6,"minecraft:moss_block":2,"minecraft:dirt":7},"minecraft:crafted":{"minecraft:oak_planks":8,"minecraft:jungle_planks":4},"minecraft:mined":{"projectvibrantjourneys:twigs":1,"minecraft:grass_block":3,"projectvibrantjourneys:short_grass":1,"minecraft:dirt":4,"minecraft:moss_block":2,"minecraft:oak_leaves":1},"minecraft:used":{"minecraft:wooden_sword":3,"minecraft:dirt":1,"minecraft:jungle_planks":3},"minecraft:killed":{"zombie_extreme:clicker":1,"zombie_extreme:assasin_black_ops":1},"minecraft:killed_by":{"hordes:zombie_player":3,"zombie_extreme:revived":1,"minecraft:zombie":8,"zombie_extreme:clicker":2},"minecraft:custom":{"minecraft:open_chest":4,"minecraft:time_since_rest":1159,"minecraft:crouch_one_cm":2040,"minecraft:play_time":14712,"minecraft:sprint_one_cm":33774,"minecraft:deaths":14,"minecraft:damage_taken":3610,"minecraft:walk_one_cm":56327,"minecraft:sneak_time":420,"minecraft:mob_kills":2,"minecraft:damage_dealt_resisted":16,"minecraft:jump":190,"minecraft:damage_dealt":552,"minecraft:leave_game":2,"minecraft:time_since_death":1133,"minecraft:climb_one_cm":3089,"minecraft:total_world_time":14712,"minecraft:fall_one_cm":4969,"minecraft:fly_one_cm":39890}},"DataVersion":3465}