{"stats":{"minecraft:mined":{"minecraft:light_blue_stained_glass_pane":8,"projectvibrantjourneys:cattail":1,"minecraft:clay":2,"projectvibrantjourneys:rocks":1,"psg:sulphur_ore":6,"minecraft:gray_stained_glass_pane":3,"minecraft:crafting_table":3,"minecraft:granite":5,"projectvibrantjourneys:twigs":1,"minecraft:grass_block":12,"ecologics:coconut_log":5,"minecraft:sugar_cane":4,"projectvibrantjourneys:fallen_leaves":1,"minecraft:moss_block":1,"minecraft:iron_door":1,"minecraft:large_fern":1,"minecraft:seagrass":1,"farmersdelight:wild_beetroots":5,"minecraft:tall_seagrass":1,"projectvibrantjourneys:light_brown_bark_mushroom":1,"ecologics:seashell":3,"projectvibrantjourneys:bones":1,"minecraft:birch_leaves":4,"minecraft:oak_log":1,"minecraft:coal_ore":19,"projectvibrantjourneys:short_grass":1,"minecraft:dripstone_block":1,"minecraft:gravel":16,"minecraft:sand":4,"minecraft:dirt":32,"projectvibrantjourneys:seashells":5,"minecraft:stone":32,"minecraft:stone_bricks":1,"projectvibrantjourneys:oak_hollow_log":4,"minecraft:fern":1},"minecraft:killed_by":{"minecraft:skeleton":1,"minecraft:creeper":1,"minecraft:zombie":2,"hordes:zombie_player":1},"minecraft:picked_up":{"minecraft:crafting_table":3,"minecraft:clay_ball":8,"minecraft:iron_door":1,"minecraft:prismarine_shard":3,"minecraft:salmon":2,"projectvibrantjourneys:fallen_leaves":2,"ecologics:seashell":5,"minecraft:red_mushroom":1,"minecraft:flint":2,"projectvibrantjourneys:oak_hollow_log":4,"minecraft:string":4,"minecraft:dirt":42,"minecraft:moss_carpet":3,"minecraft:bone":1,"minecraft:stone_bricks":2,"minecraft:wheat_seeds":3,"minecraft:moss_block":1,"minecraft:sugar_cane":9,"projectvibrantjourneys:light_brown_bark_mushroom":2,"minecraft:stick":2,"ecologics:coconut_slice":12,"projectvibrantjourneys:bark_mushroom":2,"minecraft:dripstone_block":1,"minecraft:gravel":14,"psg:sulphur":24,"minecraft:sand":4,"alexsmobs:raw_catfish":3,"minecraft:rotten_flesh":4,"minecraft:beetroot_seeds":5,"ecologics:coconut_log":5,"minecraft:granite":5,"projectvibrantjourneys:cattail":1,"projectvibrantjourneys:orange_bark_mushroom":1,"minecraft:coal":19,"minecraft:cobblestone":32},"minecraft:killed":{"hordes:zombie_player":1,"alexsmobs:catfish":2,"minecraft:zombie":1},"minecraft:dropped":{"minecraft:wheat_seeds":1,"minecraft:prismarine_shard":1,"projectvibrantjourneys:orange_bark_mushroom":1,"projectvibrantjourneys:light_brown_bark_mushroom":1,"projectvibrantjourneys:fallen_leaves":1,"minecraft:stone_bricks":2},"minecraft:custom":{"minecraft:mob_kills":4,"minecraft:interact_with_crafting_table":5,"minecraft:open_barrel":4,"minecraft:damage_dealt_resisted":20,"minecraft:leave_game":6,"minecraft:time_since_death":14113,"minecraft:climb_one_cm":4306,"minecraft:time_since_rest":14142,"minecraft:sprint_one_cm":46064,"minecraft:damage_taken":1790,"minecraft:walk_one_cm":59765,"minecraft:drop":7,"minecraft:damage_dealt":1349,"minecraft:swim_one_cm":40104,"minecraft:fly_one_cm":105497,"minecraft:open_chest":1,"minecraft:crouch_one_cm":7807,"minecraft:play_time":62847,"minecraft:deaths":5,"minecraft:sneak_time":2452,"minecraft:walk_under_water_one_cm":12097,"minecraft:jump":638,"minecraft:walk_on_water_one_cm":12724,"minecraft:total_world_time":62847,"minecraft:fall_one_cm":14880},"minecraft:crafted":{"minecraft:wooden_sword":1,"minecraft:oak_planks":8,"minecraft:stone_shovel":1,"minecraft:crafting_table":1,"ecologics:coconut_planks":20,"minecraft:wooden_pickaxe":1,"minecraft:furnace":1,"minecraft:bone_meal":3,"minecraft:stone_axe":1,"minecraft:stick":12,"minecraft:stone_pickaxe":1,"minecraft:wooden_axe":1,"minecraft:stone_sword":1,"minecraft:torch":4},"minecraft:used":{"minecraft:stone_sword":1,"minecraft:stone_shovel":32,"minecraft:stone_pickaxe":60,"minecraft:wooden_pickaxe":7,"ecologics:coconut_planks":1,"minecraft:torch":3,"minecraft:dirt":21,"minecraft:crafting_table":3,"minecraft:wooden_axe":5,"minecraft:bread":2,"minecraft:gravel":2,"minecraft:stone_axe":11,"minecraft:wooden_sword":10,"minecraft:bone_meal":1}},"DataVersion":3465}